-- INSERT TEST ACCOUNT HAWKID AND HASHEDPASS
INSERT INTO ACCOUNT_T (HAWKID, HASHEDPASS, ACCESS) VALUES ('cgitzlaff_a', '$2a$12$Lrk4B17hYdNR7VoZkGCEyeenyPhXkLNMeLV2h96sXgv6BEDx2Ih3a','1');
INSERT INTO ACCOUNT_T (HAWKID, HASHEDPASS, ACCESS) VALUES ('cgitzlaff_p', '$2a$12$poDq6bPlKmR6D3l67jKqReMW8YzLelLhV14DP7HkgIQNFat4B0SM6','1');
INSERT INTO ACCOUNT_T (HAWKID, HASHEDPASS, ACCESS) VALUES ('cgitzlaff_pa', '$2a$12$d09Z8y2rhpcvXFYJgmH/T.HKuexRQoJ7QLQMUiMs2eon1Zo5cdLUO','1');
INSERT INTO ACCOUNT_T (HAWKID, HASHEDPASS, ACCESS) VALUES ('cgitzlaff_s', '$2a$12$BLgGyUtUGh3RcNw83tKtF.H1FcRd07YJ1Wdz/PIbQw.UEbaZLS1D6','1');
INSERT INTO ACCOUNT_T (HAWKID, HASHEDPASS, ACCESS) VALUES ('cgitzlaff_st', '$2a$12$L3YjY4vI53xTZGWpGmOXueeWDXEjoPL.dbc0PA73B3CRJNY3I5hqG','1');
INSERT INTO ACCOUNT_T (HAWKID, HASHEDPASS, ACCESS) VALUES ('cgitzlaff_t', '$2a$12$4B2CjTgl9RpSAMK..8523e8QWf3UZ5aquDwJ4e5kLOkpVCOgZiMUS','1');
INSERT INTO ACCOUNT_T (HAWKID, HASHEDPASS, ACCESS) VALUES ('cmurphy3_p', '$2a$12$l6pvCG9N5ML.xUF66hBlceOK8a8561YVQ/m1Ws1Gic2ddeWv/Myqq','1');
INSERT INTO ACCOUNT_T (HAWKID, HASHEDPASS, ACCESS) VALUES ('cmurphy3_a', '$2a$12$tH432RzgQpg1Tp07HP6vUOOz396HC3FkQz89pK/WwA6Jg1Pdi/NMW','1');
INSERT INTO ACCOUNT_T (HAWKID, HASHEDPASS, ACCESS) VALUES ('cmurphy3_pa', '$2a$12$DG4kRS41sx2QGpvPnWt03uCjaWy02Bip3qI509xvog2SqCfRaxBJW','1');
INSERT INTO ACCOUNT_T (HAWKID, HASHEDPASS, ACCESS) VALUES ('cmurphy3_s', '$2a$12$DL.LXgy9C5gDcJY/pV3jVeuBNXkF66WPQvnPxBtjqKYfpej1cCkPW','1');
INSERT INTO ACCOUNT_T (HAWKID, HASHEDPASS, ACCESS) VALUES ('cmurphy3_st', '$2a$12$a570sf3czjTtOosY3iwZauvjnyUIZt4prXLYadxM1EO07tuM2iAfS','1');
INSERT INTO ACCOUNT_T (HAWKID, HASHEDPASS, ACCESS) VALUES ('cmurphy3_t', '$2a$12$SY7Od9XmlxFQc55.BPD47.31GiqMu.Sq4FrPtf36oYZ/9QovnVme2','1');
INSERT INTO ACCOUNT_T (HAWKID, HASHEDPASS, ACCESS) VALUES ('hourcade_a', '$2a$12$1PdSfWSPQ80cy9VRC2N7MucjWjTbHxk1IspUEhyxsLVGU.VvZoSh.','1');
INSERT INTO ACCOUNT_T (HAWKID, HASHEDPASS, ACCESS) VALUES ('hourcade_p', '$2a$12$F/kH7dS6c4tbQJ7KG5RMQebV44Q8VWPPdE2sd8YdOZel55hEur2KS','1');
INSERT INTO ACCOUNT_T (HAWKID, HASHEDPASS, ACCESS) VALUES ('hourcade_pa', '$2a$12$3jRW6Kxo9ZmyVPx7AmHWCOGkgTNT2RhCoGctb/5ko7hp1mwytkoLa','1');
INSERT INTO ACCOUNT_T (HAWKID, HASHEDPASS, ACCESS) VALUES ('hourcade_s', '$2a$12$uQmcmNFbJG27MONEfDECxO2f70eVv4qtFr6iMEw2V0ufDTc6vivVa','1');
INSERT INTO ACCOUNT_T (HAWKID, HASHEDPASS, ACCESS) VALUES ('hourcade_st', '$2a$12$cQn05vbcapLWbAKcTZtC0.7BNOcnz3yPv9ah9F0zwc7tCywpqNKq6','0'); 
INSERT INTO ACCOUNT_T (HAWKID, HASHEDPASS, ACCESS) VALUES ('hourcade_t', '$2a$12$XQq344mm9LrKvdcSCxU2Cevhqjib0X2TaI2VOh/0VDs3/qsHTyeo.','1');
INSERT INTO ACCOUNT_T (HAWKID, HASHEDPASS, ACCESS) VALUES ('segre_a', '$2a$12$boz22LtbGdwrxieoAsOaQO8PZnGHexL7mcN2PFZOVkTpiC1IRcO26','1');
INSERT INTO ACCOUNT_T (HAWKID, HASHEDPASS, ACCESS) VALUES ('segre_p', '$2a$12$fLNkchDhOtArx4eCnf1meuUMy1hC8LvfQNJVxmohc.nXknUxzRQ/2','1');
INSERT INTO ACCOUNT_T (HAWKID, HASHEDPASS, ACCESS) VALUES ('segre_pa', '$2a$12$99iyGkUAmSOJU0sGlcNRIO0lthc3NaY8giKtOh7Oa8h57Vug7yrn2','0'); 
INSERT INTO ACCOUNT_T (HAWKID, HASHEDPASS, ACCESS) VALUES ('segre_s', '$2a$12$jmHJSgtf.Y0EE46PKaW4NOBMW4Jdxa.sTpaRi79FX6beL497hY8vi','1');
INSERT INTO ACCOUNT_T (HAWKID, HASHEDPASS, ACCESS) VALUES ('segre_st', '$2a$12$rcuJeSdOUR1yJ8xImNcOeOGKhoYWd9Z1TtFXQsw7mrFdEJ8EwRIWa','1'); 
INSERT INTO ACCOUNT_T (HAWKID, HASHEDPASS, ACCESS) VALUES ('segre_t', '$2a$12$Cja1.G./Abao/e7l8DLRM.9iFcDa2q2/BbUstDPhwYqCDOdFdtH3q','1');
INSERT INTO ACCOUNT_T (HAWKID, HASHEDPASS, ACCESS) VALUES ('tmesserly_a', '$2a$12$Moprannq8V6tzfBL/eRS3uF9DlYORbz3ANHuu9pJaioYMQu1/t6We','1'); 
INSERT INTO ACCOUNT_T (HAWKID, HASHEDPASS, ACCESS) VALUES ('tmesserly_p', '$2a$12$c9m4hRNCgNjfbF54/56iMOiJkk0/GdnmT6LqeL2xUjb64rmfGsuty','1');
INSERT INTO ACCOUNT_T (HAWKID, HASHEDPASS, ACCESS) VALUES ('tmesserly_pa', '$2a$12$8n1inAaqpjGvzl02Aolj1eBxN9TPVUndxooxBNe7eriabGA2Vxeve','1'); 
INSERT INTO ACCOUNT_T (HAWKID, HASHEDPASS, ACCESS) VALUES ('tmesserly_s', '$2a$12$zlQYnxyde1SWdRQ2.CHyQePQTVv25L115HhgGS2VRj7m95yLQ7ySi','1');
INSERT INTO ACCOUNT_T (HAWKID, HASHEDPASS, ACCESS) VALUES ('tmesserly_st', '$2a$12$8e2a4gqJZUnJOLTdrL1ja.iXQ3rOFetEuxvWPyK9VcLJf8RBfgB22','1'); 
INSERT INTO ACCOUNT_T (HAWKID, HASHEDPASS, ACCESS) VALUES ('tmesserly_t', '$2a$12$WYvPFWkrXEi/Ww5ZXq2deeh2stvY.DU9mxQpyG9vZ57Wr42/9WVJ2','1');

-- DEFINE USER ROLES AND INFORMATION... TEAMS INFORMATION
INSERT INTO USER_T (HAWKID,	FIRSTNAME, LASTNAME, EMAIL, STUDENT, TUTOR,	PROFESSOR, ADMIN, NICK_NAME, PHONE_NUMBER, PICTURE) VALUES ('cgitzlaff_s','Cameron_S', 'Gitzlaff','cameron-gitzlaff@uiowa.edu', '1', '0', '0', '0', 'Cam_S', '4146515629', 'cgitzlaff_a.jpg');
INSERT INTO USER_T (HAWKID,	FIRSTNAME, LASTNAME, EMAIL, STUDENT, TUTOR,	PROFESSOR, ADMIN, NICK_NAME, PHONE_NUMBER, PICTURE) VALUES ('cgitzlaff_t','Cameron_T', 'Gitzlaff','cameron-gitzlaff@uiowa.edu', '0', '1', '0', '0', 'Cam_T', '4146515629', 'cgitzlaff_a.jpg');
INSERT INTO USER_T (HAWKID,	FIRSTNAME, LASTNAME, EMAIL, STUDENT, TUTOR,	PROFESSOR, ADMIN, NICK_NAME, PHONE_NUMBER, PICTURE) VALUES ('cgitzlaff_p','Cameron_P', 'Gitzlaff','cameron-gitzlaff@uiowa.edu', '0', '0', '1', '0', 'Cam_P', '4146515629', 'cgitzlaff_a.jpg');
INSERT INTO USER_T (HAWKID,	FIRSTNAME, LASTNAME, EMAIL, STUDENT, TUTOR,	PROFESSOR, ADMIN, NICK_NAME, PHONE_NUMBER, PICTURE) VALUES ('cgitzlaff_a','Cameron_A', 'Gitzlaff','cameron-gitzlaff@uiowa.edu', '0', '0', '0', '1', 'Cam_A', '4146515629', 'cgitzlaff_a.jpg');
INSERT INTO USER_T (HAWKID,	FIRSTNAME, LASTNAME, EMAIL, STUDENT, TUTOR,	PROFESSOR, ADMIN, NICK_NAME, PHONE_NUMBER, PICTURE) VALUES ('cgitzlaff_st','Cameron_ST', 'Gitzlaff','cameron-gitzlaff@uiowa.edu', '1', '1', '0', '0', 'Cam_ST', '4146515629', 'cgitzlaff_a.jpg');
INSERT INTO USER_T (HAWKID,	FIRSTNAME, LASTNAME, EMAIL, STUDENT, TUTOR,	PROFESSOR, ADMIN, NICK_NAME, PHONE_NUMBER, PICTURE) VALUES ('cgitzlaff_pa','Cameron_PA', 'Gitzlaff','cameron-gitzlaff@uiowa.edu', '0', '0', '1', '1', 'Cam_PA', '4146515629', 'cgitzlaff_a.jpg');
INSERT INTO USER_T (HAWKID,	FIRSTNAME, LASTNAME, EMAIL, STUDENT, TUTOR,	PROFESSOR, ADMIN, NICK_NAME, PICTURE) VALUES ('cmurphy3_s','Conlan_S', 'Murphy','conlan-murphy@uiowa.edu','1', '0', '0', '0', NULL, 'default.jpg');
INSERT INTO USER_T (HAWKID,	FIRSTNAME, LASTNAME, EMAIL, STUDENT, TUTOR,	PROFESSOR, ADMIN, NICK_NAME, PICTURE) VALUES ('cmurphy3_t','Conlan_T', 'Murphy','conlan-murphy@uiowa.edu', '0', '1', '0', '0', NULL, 'default.jpg');
INSERT INTO USER_T (HAWKID,	FIRSTNAME, LASTNAME, EMAIL, STUDENT, TUTOR,	PROFESSOR, ADMIN, NICK_NAME, PICTURE) VALUES ('cmurphy3_p','Conlan_P', 'Murphy','conlan-murphy@uiowa.edu', '0', '0', '1', '0', NULL, 'default.jpg');
INSERT INTO USER_T (HAWKID,	FIRSTNAME, LASTNAME, EMAIL, STUDENT, TUTOR,	PROFESSOR, ADMIN, NICK_NAME, PICTURE) VALUES ('cmurphy3_a','Conlan_A', 'Murphy','conlan-murphy@uiowa.edu', '0', '0', '0', '1', NULL, 'default.jpg');
INSERT INTO USER_T (HAWKID,	FIRSTNAME, LASTNAME, EMAIL, STUDENT, TUTOR,	PROFESSOR, ADMIN, NICK_NAME, PICTURE) VALUES ('cmurphy3_st','Conlan_ST', 'Murphy','conlan-murphy@uiowa.edu', '1', '1', '0', '0', NULL, 'default.jpg');
INSERT INTO USER_T (HAWKID,	FIRSTNAME, LASTNAME, EMAIL, STUDENT, TUTOR,	PROFESSOR, ADMIN, NICK_NAME, PICTURE) VALUES ('cmurphy3_pa','Conlan_PA', 'Murphy','conlan-murphy@uiowa.edu', '0', '0', '1', '1', NULL, 'default.jpg');

INSERT INTO USER_T (HAWKID,	FIRSTNAME, LASTNAME, EMAIL, STUDENT, TUTOR,	PROFESSOR, ADMIN, NICK_NAME, PICTURE) VALUES ('hourcade_s','Juan Pablo_S', 'Hourcade','juanpablo-hourcade@uiowa.edu','1', '0', '0', '0', 'JP_S', 'hourcade_a.jpg');
INSERT INTO USER_T (HAWKID,	FIRSTNAME, LASTNAME, EMAIL, STUDENT, TUTOR,	PROFESSOR, ADMIN, NICK_NAME, PICTURE) VALUES ('hourcade_t','Juan Pablo_T', 'Hourcade','juanpablo-hourcade@uiowa.edu', '0', '1', '0', '0', 'JP_T', 'hourcade_a.jpg');
INSERT INTO USER_T (HAWKID,	FIRSTNAME, LASTNAME, EMAIL, STUDENT, TUTOR,	PROFESSOR, ADMIN, NICK_NAME, PICTURE) VALUES ('hourcade_p','Juan Pablo_P', 'Hourcade','juanpablo-hourcade@uiowa.edu', '0', '0', '1', '0', 'JP_P', 'hourcade_a.jpg');
INSERT INTO USER_T (HAWKID,	FIRSTNAME, LASTNAME, EMAIL, STUDENT, TUTOR,	PROFESSOR, ADMIN, NICK_NAME, PICTURE) VALUES ('hourcade_a','Juan Pablo_A', 'Hourcade','juanpablo-hourcade@uiowa.edu', '0', '0', '0', '1', 'JP_A', 'hourcade_a.jpg');
INSERT INTO USER_T (HAWKID,	FIRSTNAME, LASTNAME, EMAIL, STUDENT, TUTOR,	PROFESSOR, ADMIN, NICK_NAME, PICTURE) VALUES ('hourcade_st','Juan Pablo_ST', 'Hourcade','juanpablo-hourcade@uiowa.edu', '1', '1', '0', '0', 'JP_ST', 'hourcade_a.jpg');
INSERT INTO USER_T (HAWKID,	FIRSTNAME, LASTNAME, EMAIL, STUDENT, TUTOR,	PROFESSOR, ADMIN, NICK_NAME, PICTURE) VALUES ('hourcade_pa','Juan Pablo_PA', 'Hourcade','juanpablo-hourcade@uiowa.edu', '0', '0', '1', '1', 'JP_PA','hourcade_a.jpg');

INSERT INTO USER_T (HAWKID,	FIRSTNAME, LASTNAME, EMAIL, STUDENT, TUTOR,	PROFESSOR, ADMIN, NICK_NAME, PICTURE) VALUES ('segre_s','Alberto_S', 'Segre','alberto-segre@uiowa.edu','1', '0', '0', '0', 'Segre_S', 'segre.jpg');
INSERT INTO USER_T (HAWKID,	FIRSTNAME, LASTNAME, EMAIL, STUDENT, TUTOR,	PROFESSOR, ADMIN, NICK_NAME, PICTURE) VALUES ('segre_t','Alberto_T', 'Segre','alberto-segre@uiowa.edu', '0', '1', '0', '0', 'Segre_T', 'segre.jpg');
INSERT INTO USER_T (HAWKID,	FIRSTNAME, LASTNAME, EMAIL, STUDENT, TUTOR,	PROFESSOR, ADMIN, NICK_NAME, PICTURE) VALUES ('segre_p','Alberto_P', 'Segre','alberto-segre@uiowa.edu', '0', '0', '1', '0', 'Segre_P', 'segre.jpg');
INSERT INTO USER_T (HAWKID,	FIRSTNAME, LASTNAME, EMAIL, STUDENT, TUTOR,	PROFESSOR, ADMIN, NICK_NAME, PICTURE) VALUES ('segre_a','Alberto_A', 'Segre','alberto-segre@uiowa.edu', '0', '0', '0', '1', 'Segre_A', 'segre.jpg');
INSERT INTO USER_T (HAWKID,	FIRSTNAME, LASTNAME, EMAIL, STUDENT, TUTOR,	PROFESSOR, ADMIN, NICK_NAME, PICTURE) VALUES ('segre_st', 'Alberto_ST', 'Segre','alberto-segre@uiowa.edu', '1', '1', '0', '0', 'Segre_ST', 'segre.jpg');
INSERT INTO USER_T (HAWKID,	FIRSTNAME, LASTNAME, EMAIL, STUDENT, TUTOR,	PROFESSOR, ADMIN, NICK_NAME, PICTURE) VALUES ('segre_pa', 'Alberto_PA','Segre','alberto-segre@uiowa.edu', '0', '0', '1', '1', 'Segre_PA', 'segre.jpg');

INSERT INTO USER_T (HAWKID,	FIRSTNAME, LASTNAME, EMAIL, STUDENT, TUTOR,	PROFESSOR, ADMIN, NICK_NAME, PICTURE) VALUES ('tmesserly_s','Tram_S', 'Messerly','tram-messerly@uiowa.edu','1', '0', '0', '0', NULL, 'tmesserly_a.jpg');
INSERT INTO USER_T (HAWKID,	FIRSTNAME, LASTNAME, EMAIL, STUDENT, TUTOR,	PROFESSOR, ADMIN, NICK_NAME, PICTURE) VALUES ('tmesserly_t','Tram_T', 'Messerly','tram-messerly@uiowa.edu', '0', '1', '0', '0', NULL, 'tmesserly_a.jpg');
INSERT INTO USER_T (HAWKID,	FIRSTNAME, LASTNAME, EMAIL, STUDENT, TUTOR,	PROFESSOR, ADMIN, NICK_NAME, PICTURE) VALUES ('tmesserly_p','Tram_P', 'Messerly','tram-messerly@uiowa.edu', '0', '0', '1', '0', NULL, 'tmesserly_a.jpg');
INSERT INTO USER_T (HAWKID,	FIRSTNAME, LASTNAME, EMAIL, STUDENT, TUTOR,	PROFESSOR, ADMIN, NICK_NAME, PICTURE) VALUES ('tmesserly_a','Tram_A', 'Messerly','tram-messerly@uiowa.edu', '0', '0', '0', '1', NULL, 'tmesserly_a.jpg');
INSERT INTO USER_T (HAWKID,	FIRSTNAME, LASTNAME, EMAIL, STUDENT, TUTOR,	PROFESSOR, ADMIN, NICK_NAME, PICTURE) VALUES ('tmesserly_st','Tram_ST', 'Messerly','tram-messerly@uiowa.edu', '1', '1', '0', '0', NULL, 'tmesserly_a.jpg');
INSERT INTO USER_T (HAWKID,	FIRSTNAME, LASTNAME, EMAIL, STUDENT, TUTOR,	PROFESSOR, ADMIN, NICK_NAME, PICTURE) VALUES ('tmesserly_pa','Tram_PA', 'Messerly','tram-messerly@uiowa.edu', '0', '0', '1', '1', NULL, 'tmesserly_a.jpg');

-- DEFINE COURSES FOR SPRING 2018
INSERT INTO COURSE_T (COURSE_ID, COURSE_NAME, SEMESTER) VALUES (00000001, '1020: Principles of Computing', 'Spring 2018');
INSERT INTO COURSE_T (COURSE_ID, COURSE_NAME, SEMESTER) VALUES (00000002, '1110: Introduction to Computer Science', 'Spring 2018');
INSERT INTO COURSE_T (COURSE_ID, COURSE_NAME, SEMESTER) VALUES (00000003, '1210: Computer Science I: Fundamentals', 'Spring 2018');

-- DEFINE STUDENTS WITH ALLOCATD SESSIONS
INSERT INTO STUDENT_T (HAWKID, GRADE_LEVEL) VALUES ('cgitzlaff_s', 1);
INSERT INTO STUDENT_T (HAWKID, GRADE_LEVEL) VALUES ('tmesserly_s', 1);
INSERT INTO STUDENT_T (HAWKID, GRADE_LEVEL) VALUES ('cmurphy3_s', 1);
INSERT INTO STUDENT_T (HAWKID, GRADE_LEVEL) VALUES ('segre_s', 2);
INSERT INTO STUDENT_T (HAWKID, GRADE_LEVEL) VALUES ('hourcade_s', 2);
INSERT INTO STUDENT_T (HAWKID, GRADE_LEVEL) VALUES ('cgitzlaff_st', 3);
INSERT INTO STUDENT_T (HAWKID, GRADE_LEVEL) VALUES ('tmesserly_st', 3);
INSERT INTO STUDENT_T (HAWKID, GRADE_LEVEL) VALUES ('cmurphy3_st', 4);
INSERT INTO STUDENT_T (HAWKID, GRADE_LEVEL) VALUES ('segre_st', 2);
INSERT INTO STUDENT_T (HAWKID, GRADE_LEVEL) VALUES ('hourcade_st', 4);

-- DEFINE WHAT COURSES STUDENTS ARE ENROLLED IN
INSERT INTO ENROLLED_T (HAWKID, COURSE_ID) VALUES ( 'cgitzlaff_s', 00000001);
INSERT INTO ENROLLED_T (HAWKID, COURSE_ID) VALUES ( 'cmurphy3_s', 00000001);
INSERT INTO ENROLLED_T (HAWKID, COURSE_ID) VALUES ( 'tmesserly_s', 00000001);
INSERT INTO ENROLLED_T (HAWKID, COURSE_ID) VALUES ( 'segre_s', 00000002);
INSERT INTO ENROLLED_T (HAWKID, COURSE_ID) VALUES ( 'hourcade_s', 00000002);
INSERT INTO ENROLLED_T (HAWKID, COURSE_ID) VALUES ( 'cgitzlaff_st', 00000003);
INSERT INTO ENROLLED_T (HAWKID, COURSE_ID) VALUES ( 'cmurphy3_st', 00000003);
INSERT INTO ENROLLED_T (HAWKID, COURSE_ID) VALUES ( 'tmesserly_st', 00000002);
INSERT INTO ENROLLED_T (HAWKID, COURSE_ID) VALUES ( 'segre_st', 00000003);
INSERT INTO ENROLLED_T (HAWKID, COURSE_ID) VALUES ( 'hourcade_st', 00000003);

-- DEFINE TUTORS WITH THEIR BIO 
INSERT INTO TUTOR_T (HAWKID, BIO) VALUES ('cgitzlaff_t', 'This is a short bio about what I have done');
INSERT INTO TUTOR_T (HAWKID, BIO) VALUES ('tmesserly_t', 'This is a short bio about what I have done');
INSERT INTO TUTOR_T (HAWKID, BIO) VALUES ('cmurphy3_t', 'This is a short bio about what I have done');
INSERT INTO TUTOR_T (HAWKID, BIO) VALUES ('segre_t', 'This is a short bio about what I have done');
INSERT INTO TUTOR_T (HAWKID, BIO) VALUES ('hourcade_t', 'This is a short bio about what I have done');
INSERT INTO TUTOR_T (HAWKID, BIO) VALUES ('cgitzlaff_st', 'This is a short bio about what I have done');
INSERT INTO TUTOR_T (HAWKID, BIO) VALUES ('tmesserly_st', 'This is a short bio about what I have done');
INSERT INTO TUTOR_T (HAWKID, BIO) VALUES ('cmurphy3_st', 'This is a short bio about what I have done');
INSERT INTO TUTOR_T (HAWKID, BIO) VALUES ('segre_st', 'This is a short bio about what I have done');
INSERT INTO TUTOR_T (HAWKID, BIO) VALUES ('hourcade_st', 'This is a short bio about what I have done');

-- DEFINE WHICH COURSES A TUTOR CAN TUTOR
INSERT INTO TUTORS_T (HAWKID, COURSE_ID) VALUES ( 'cgitzlaff_t', 00000003);
INSERT INTO TUTORS_T (HAWKID, COURSE_ID) VALUES ( 'cmurphy3_t', 00000003);
INSERT INTO TUTORS_T (HAWKID, COURSE_ID) VALUES ( 'tmesserly_t', 00000002);
INSERT INTO TUTORS_T (HAWKID, COURSE_ID) VALUES ( 'segre_t', 00000002);
INSERT INTO TUTORS_T (HAWKID, COURSE_ID) VALUES ( 'hourcade_t', 00000002);
INSERT INTO TUTORS_T (HAWKID, COURSE_ID) VALUES ( 'cgitzlaff_st', 00000001);
INSERT INTO TUTORS_T (HAWKID, COURSE_ID) VALUES ( 'cmurphy3_st', 00000001);
INSERT INTO TUTORS_T (HAWKID, COURSE_ID) VALUES ( 'tmesserly_st', 00000001);
INSERT INTO TUTORS_T (HAWKID, COURSE_ID) VALUES ( 'segre_st', 00000002);
INSERT INTO TUTORS_T (HAWKID, COURSE_ID) VALUES ( 'hourcade_st', 00000002);

-- DEFINE WHICH COURSES A PROFESSOR CAN TEACH
INSERT INTO TEACHES_T (HAWKID, COURSE_ID) VALUES ( 'cgitzlaff_p', 00000003);
INSERT INTO TEACHES_T (HAWKID, COURSE_ID) VALUES ( 'cgitzlaff_p', 00000002);
INSERT INTO TEACHES_T (HAWKID, COURSE_ID) VALUES ( 'cmurphy3_p', 00000003);
INSERT INTO TEACHES_T (HAWKID, COURSE_ID) VALUES ( 'tmesserly_p', 00000002);
INSERT INTO TEACHES_T (HAWKID, COURSE_ID) VALUES ( 'segre_p', 00000002);
INSERT INTO TEACHES_T (HAWKID, COURSE_ID) VALUES ( 'hourcade_p', 00000001);
INSERT INTO TEACHES_T (HAWKID, COURSE_ID) VALUES ( 'cgitzlaff_pa', 00000001);
INSERT INTO TEACHES_T (HAWKID, COURSE_ID) VALUES ( 'cmurphy3_pa', 00000002);
INSERT INTO TEACHES_T (HAWKID, COURSE_ID) VALUES ( 'tmesserly_pa', 00000001);
INSERT INTO TEACHES_T (HAWKID, COURSE_ID) VALUES ( 'segre_pa', 00000003);
INSERT INTO TEACHES_T (HAWKID, COURSE_ID) VALUES ( 'hourcade_pa', 00000002);

-- DEFINE TEST MATERIALS THAT ARE TIED TO A COURSE
INSERT INTO MATERIALS_T (MATERIAL_ID, COURSE_ID, MATERIAL_NAME, MATERIAL_DESC, FILE) VALUES (0000000001, 00000001, 'Chapter 1', 'This is a short description of chapter 1 problems for CS:1020', NULL);
INSERT INTO MATERIALS_T (MATERIAL_ID, COURSE_ID, MATERIAL_NAME, MATERIAL_DESC, FILE) VALUES (0000000002, 00000001, 'Chapter 2', 'This is a short description of chapter 2 problems for CS:1020', NULL);
INSERT INTO MATERIALS_T (MATERIAL_ID, COURSE_ID, MATERIAL_NAME, MATERIAL_DESC, FILE) VALUES (0000000003, 00000001, 'Chapter 3', 'This is a short description of chapter 3 problems for CS:1020', NULL);
INSERT INTO MATERIALS_T (MATERIAL_ID, COURSE_ID, MATERIAL_NAME, MATERIAL_DESC, FILE) VALUES (0000000004, 00000001, 'Chapter 4', 'This is a short description of chapter 4 problems for CS:1020', NULL);
INSERT INTO MATERIALS_T (MATERIAL_ID, COURSE_ID, MATERIAL_NAME, MATERIAL_DESC, FILE) VALUES (0000000005, 00000002, 'Week 1', 'This is a short description of week 1  problems for CS:1110', NULL);
INSERT INTO MATERIALS_T (MATERIAL_ID, COURSE_ID, MATERIAL_NAME, MATERIAL_DESC, FILE) VALUES (0000000006, 00000002, 'Week 2', 'This is a short description of week 2  problems for CS:1110', NULL);
INSERT INTO MATERIALS_T (MATERIAL_ID, COURSE_ID, MATERIAL_NAME, MATERIAL_DESC, FILE) VALUES (0000000007, 00000002, 'Week 3', 'This is a short description of week 3  problems for CS:1110', NULL);
INSERT INTO MATERIALS_T (MATERIAL_ID, COURSE_ID, MATERIAL_NAME, MATERIAL_DESC, FILE) VALUES (0000000008, 00000002, 'Week 4', 'This is a short description of week 4  problems for CS:1110', NULL);
INSERT INTO MATERIALS_T (MATERIAL_ID, COURSE_ID, MATERIAL_NAME, MATERIAL_DESC, FILE) VALUES (0000000009, 00000002, 'Week 5', 'This is a short description of week 5  problems for CS:1110', NULL);
INSERT INTO MATERIALS_T (MATERIAL_ID, COURSE_ID, MATERIAL_NAME, MATERIAL_DESC, FILE) VALUES (0000000010, 00000003, 'Chapter 1', 'This is a short description of chapter 1 problems for CS:1210', NULL);
INSERT INTO MATERIALS_T (MATERIAL_ID, COURSE_ID, MATERIAL_NAME, MATERIAL_DESC, FILE) VALUES (0000000011, 00000003, 'Chapter 2', 'This is a short description of chapter 2 problems for CS:1210', NULL);
INSERT INTO MATERIALS_T (MATERIAL_ID, COURSE_ID, MATERIAL_NAME, MATERIAL_DESC, FILE) VALUES (0000000012, 00000003, 'Chapter 3', 'This is a short description of chapter 3 problems for CS:1210', NULL);
INSERT INTO MATERIALS_T (MATERIAL_ID, COURSE_ID, MATERIAL_NAME, MATERIAL_DESC, FILE) VALUES (0000000013, 00000003, 'Chapter 4', 'This is a short description of chapter 4 problems for CS:1210', NULL);


-- define test data for available sessions

INSERT INTO SESSION_T (SESSION_ID, TUTOR_HAWKID, COURSE_ID, SESSION_DATE, SESSION_START_TIME, SESSION_END_TIME, SCHEDULED) VALUE (000001, "cgitzlaff_t", 00000003, "2018-04-20", "14:30:00", "14:50:00", "Y");
INSERT INTO SESSION_T (SESSION_ID, TUTOR_HAWKID, COURSE_ID, SESSION_DATE, SESSION_START_TIME, SESSION_END_TIME, SCHEDULED) VALUE (000002, "cgitzlaff_t", 00000003, "2018-04-21", "14:30:00", "14:50:00", "N");
INSERT INTO SESSION_T (SESSION_ID, TUTOR_HAWKID, COURSE_ID, SESSION_DATE, SESSION_START_TIME, SESSION_END_TIME, SCHEDULED) VALUE (000003, "cgitzlaff_t", 00000003, "2018-04-21", "15:00:00", "15:20:00", "Y");
INSERT INTO SESSION_T (SESSION_ID, TUTOR_HAWKID, COURSE_ID, SESSION_DATE, SESSION_START_TIME, SESSION_END_TIME, SCHEDULED) VALUE (000004, "cmurphy3_st", 00000001, "2018-04-20", "14:30:00", "14:50:00", "N");
INSERT INTO SESSION_T (SESSION_ID, TUTOR_HAWKID, COURSE_ID, SESSION_DATE, SESSION_START_TIME, SESSION_END_TIME, SCHEDULED) VALUE (000005, "cmurphy3_st", 00000001, "2018-04-21", "14:30:00", "14:50:00", "N");
INSERT INTO SESSION_T (SESSION_ID, TUTOR_HAWKID, COURSE_ID, SESSION_DATE, SESSION_START_TIME, SESSION_END_TIME, SCHEDULED) VALUE (000006, "cmurphy3_st", 00000001, "2018-04-21", "15:00:00", "15:20:00", "N");
INSERT INTO SESSION_T (SESSION_ID, TUTOR_HAWKID, COURSE_ID, SESSION_DATE, SESSION_START_TIME, SESSION_END_TIME, SCHEDULED) VALUE (000007, "tmesserly_t", 00000002, "2018-04-20", "14:30:00", "14:50:00", "Y");
INSERT INTO SESSION_T (SESSION_ID, TUTOR_HAWKID, COURSE_ID, SESSION_DATE, SESSION_START_TIME, SESSION_END_TIME, SCHEDULED) VALUE (000008, "tmesserly_t", 00000003, "2018-04-21", "13:30:00", "13:50:00", "Y");
INSERT INTO SESSION_T (SESSION_ID, TUTOR_HAWKID, COURSE_ID, SESSION_DATE, SESSION_START_TIME, SESSION_END_TIME, SCHEDULED) VALUE (000009, "tmesserly_t", 00000001, "2018-04-21", "15:00:00", "15:20:00", "N");


-- define test data for scheduled sessions
INSERT INTO SCHEDULED_T(SESSION_ID, STUD_HAWKID, COMPLETED, CANC_BY_TUT, CANC_BY_STUD) VALUES (7, 'cgitzlaff_s', '0','0','0');
INSERT INTO SCHEDULED_T(SESSION_ID, STUD_HAWKID, COMPLETED, CANC_BY_TUT, CANC_BY_STUD) VALUES (8, 'cgitzlaff_s', '0','0','0');



INSERT INTO SCHEDULED_T(SESSION_ID, STUD_HAWKID, COMPLETED, CANC_BY_TUT, CANC_BY_STUD) VALUES (1, 'segre_st', '0','0','0');
INSERT INTO SCHEDULED_T(SESSION_ID, STUD_HAWKID, COMPLETED, CANC_BY_TUT, CANC_BY_STUD) VALUES (3, 'hourcade_st', '0','0','0');


-- session data
INSERT INTO AVAILABILITY_T (HAWKID, DAY_OF_WEEK, AVAILABLE, TIME_START, TIME_STOP) VALUES ("cmurphy3_t", "Monday", "1", "11:00:00", "12:00:00");



-- this is a tes